replicate,mutant,[P] (µM),Monomer Mass,Dimer Mass,monomer intensity,dimer intensity,R (frac mono)
01,N214A,2,33740,67510,9981297.435,2609416.308,0.656658687
02,N214A,2,33740,67510,10221954.07,2850769.887,0.64194166
03,N214A,2,33740,67510,6163272.456,1185547.722,0.722170936
01,WT,2,33790,67600,1615270.806,1735416.787,0.317585068
02,WT,2,33790,67600,630254.9719,1355898.619,0.188583221
03,WT,2,33790,67600,1162177.095,994966.2233,0.368698194
01,Q256A,2,33740,67490,776334.4449,827835.5637,0.319215734
02,Q256A,2,33740,67490,1241304.338,1032202.944,0.37550307
03,Q256A,2,33740,67490,1345200.694,1107960.267,0.377746392
01,S284A,2,33780,67570,656831.1644,948362.8807,0.257222057
02,S284A,2,33780,67570,945692.2998,847481.736,0.358127822
03,S284A,2,33780,67570,1321165.218,1378217.875,0.324005519
01,N214A,10,33740,67510,6588312.784,2730842.788,0.546748023
02,N214A,10,33740,67510,6725280.295,4216875.545,0.443648418
03,N214A,10,33740,67510,5603483.741,2399052.185,0.53871425
01,WT,10,33790,67600,1863938.911,8264686.08,0.101337867
02,WT,10,33790,67600,2414170.003,8724241.592,0.121543179
03,WT,10,33790,67600,967254.1115,3604285.856,0.118306595
01,N214A,20,33740,67510,3814668.523,7956099.317,0.193374269
03,N214A,20,33740,67510,7313742.287,9359222.143,0.28094998
05,N214A,20,33740,67510,2455404.835,6028412.093,0.169195568